sep=	
"Titles:"	"SEQUENCE"	"TAG"	"COM5A005C00_DeviceType"	"COM5A005C01_DeviceMode"	"COM5A005C02_StatusBits"	"COM5A005C03_ErrorCode"	"COM5A005C04_ServiceMode"	"COM5A005C05_OperatingMode"	"COM5A005C06_OperatingStatus"	"COM5A005C07_CH ID"	"COM5A005C08_Chamber closed"	"COM5A005C09_"	"COM5A005C10_"	"COM5A006C00_DeviceType"	"COM5A006C01_DeviceMode"	"COM5A006C02_StatusBits"	"COM5A006C03_ErrorCode"	"COM5A006C04_ServiceMode"	"COM5A006C05_OperatingMode"	"COM5A006C06_OperatingStatus"	"COM5A006C07_Analog Sensor1"	"COM5A006C08_Analog Sensor2"	"COM5A006C09_"	"COM5A006C10_"	"XT5C00_Instrument"	"XT5C01_OperatingStatus"	"XT5C02_DATETIME"	"XT5C03_N2O Dry"	"XT5C04_CH4 Dry"	"XT5C05_H2O"	"XT5C06_CO2"
"Units:"	""	""	"Sensor"	""	""	""	""	""	""	"V"	""	""	""	"Sensor"	""	""	""	""	""	""	"V"	"V"	""	""	"PicarroGXXXX"	""	""	"ppm"	"ppm"	"%"	"ppm"
2025-08-14 00:00:00.000	""	""	50	3	8211	0	1	1	1	0.75	0.00			50	3	8211	0	1	1	1	10.00	10.00			PicarroGXXXX	3	2025-08-14 00:00:28.400	0.3366	2.287	1.550	442.617
2025-08-14 00:00:01.000	""	""	50	3	8211	0	1	1	1	0.75	0.00			50	3	8211	0	1	1	1	10.00	10.00			PicarroGXXXX	3	2025-08-14 00:00:31.250	0.3439	2.286	1.548	442.462
2025-08-14 00:00:02.000	""	""	50	3	8211	0	1	1	1	0.75	0.00			50	3	8211	0	1	1	1	10.00	10.00			PicarroGXXXX	3	2025-08-14 00:00:31.250	0.3439	2.286	1.548	442.462
2025-08-14 00:00:03.000	""	""	50	3	8211	0	1	1	1	0.75	0.00			50	3	8211	0	1	1	1	10.00	10.00			PicarroGXXXX	3	2025-08-14 00:00:33.650	0.3400	2.286	1.547	442.345
2025-08-14 00:00:04.000	""	""	50	3	8211	0	1	1	1	0.75	0.00			50	3	8211	0	1	1	1	10.00	10.00			PicarroGXXXX	3	2025-08-14 00:00:33.650	0.3400	2.286	1.547	442.345
2025-08-14 00:00:05.000	""	""	50	3	8211	0	1	1	1	0.75	0.00			50	3	8211	0	1	1	1	10.00	10.00			PicarroGXXXX	3	2025-08-14 00:00:33.650	0.3400	2.286	1.547	442.345
2025-08-14 00:00:06.000	""	""	50	3	8211	0	1	1	1	0.75	0.00			50	3	8211	0	1	1	1	10.00	10.00			PicarroGXXXX	3	2025-08-14 00:00:36.500	0.3348	2.286	1.551	442.409
2025-08-14 00:00:07.000	""	""	50	3	8211	0	1	1	1	0.75	0.00			50	3	8211	0	1	1	1	10.00	10.00			PicarroGXXXX	3	2025-08-14 00:00:36.500	0.3348	2.286	1.551	442.409
2025-08-14 00:00:08.000	""	""	50	3	8211	0	1	1	1	0.75	0.00			50	3	8211	0	1	1	1	10.00	10.00			PicarroGXXXX	3	2025-08-14 00:00:38.940	0.3394	2.287	1.554	442.505
2025-08-14 00:00:09.000	""	""	50	3	8211	0	1	1	1	0.75	0.00			50	3	8211	0	1	1	1	10.00	10.00			PicarroGXXXX	3	2025-08-14 00:00:38.940	0.3394	2.287	1.554	442.505
2025-08-14 00:00:10.000	""	""	50	3	8211	0	1	1	1	0.75	0.00			50	3	8211	0	1	1	1	10.00	10.00			PicarroGXXXX	3	2025-08-14 00:00:38.940	0.3394	2.287	1.554	442.505
2025-08-14 00:00:11.000	""	""	50	3	8211	0	1	1	1	0.75	0.00			50	3	8211	0	1	1	1	10.00	10.00			PicarroGXXXX	3	2025-08-14 00:00:41.740	0.3396	2.287	1.561	442.332
2025-08-14 00:00:12.000	""	""	50	3	8211	0	1	1	1	0.75	0.00			50	3	8211	0	1	1	1	10.00	10.00			PicarroGXXXX	3	2025-08-14 00:00:41.740	0.3396	2.287	1.561	442.332
2025-08-14 00:00:13.000	""	""	50	3	8211	0	1	1	1	0.75	0.00			50	3	8211	0	1	1	1	10.00	10.00			PicarroGXXXX	3	2025-08-14 00:00:44.180	0.3400	2.288	1.568	442.121
2025-08-14 00:00:14.000	""	""	50	3	8211	0	1	1	1	0.75	0.00			50	3	8211	0	1	1	1	10.00	10.00			PicarroGXXXX	3	2025-08-14 00:00:44.180	0.3400	2.288	1.568	442.121
2025-08-14 00:00:15.000	""	""	50	3	8211	0	1	1	1	0.75	0.00			50	3	8211	0	1	1	1	10.00	10.00			PicarroGXXXX	3	2025-08-14 00:00:44.180	0.3400	2.288	1.568	442.121
2025-08-14 00:00:16.000	""	""	50	3	8211	0	1	1	1	0.75	0.00			50	3	8211	0	1	1	1	10.00	10.00			PicarroGXXXX	3	2025-08-14 00:00:44.180	0.3400	2.288	1.568	442.121
2025-08-14 00:00:17.000	""	""	50	3	8211	0	1	1	1	0.75	0.00			50	3	8211	0	1	1	1	10.00	10.00			PicarroGXXXX	3	2025-08-14 00:00:47.040	0.3329	2.288	1.567	442.262
2025-08-14 00:00:18.000	""	""	50	3	8211	0	1	1	1	0.75	0.00			50	3	8211	0	1	1	1	10.00	10.00			PicarroGXXXX	3	2025-08-14 00:00:47.040	0.3329	2.288	1.567	442.262
2025-08-14 00:00:19.000	""	""	50	3	8211	0	1	1	1	0.75	0.00			50	3	8211	0	1	1	1	10.00	10.00			PicarroGXXXX	3	2025-08-14 00:00:49.510	0.3405	2.288	1.567	442.463
2025-08-14 00:00:20.000	""	""	50	3	8211	0	1	1	1	0.75	0.00			50	3	8211	0	1	1	1	10.00	10.00			PicarroGXXXX	3	2025-08-14 00:00:49.510	0.3405	2.288	1.567	442.463
2025-08-14 00:00:21.000	""	""	50	3	8211	0	1	1	1	0.75	0.00			50	3	8211	0	1	1	1	10.00	10.00			PicarroGXXXX	3	2025-08-14 00:00:51.070	0.3536	2.288	1.566	442.531
2025-08-14 00:00:22.000	""	""	50	3	8211	0	1	1	1	0.75	0.00			50	3	8211	0	1	1	1	10.00	10.00			PicarroGXXXX	3	2025-08-14 00:00:52.260	0.3524	2.288	1.565	442.557
2025-08-14 00:00:23.000	""	""	50	3	8211	0	1	1	1	0.75	0.00			50	3	8211	0	1	1	1	10.00	10.00			PicarroGXXXX	3	2025-08-14 00:00:52.260	0.3524	2.288	1.565	442.557
2025-08-14 00:00:24.000	""	""	50	3	8211	0	1	1	1	0.75	0.00			50	3	8211	0	1	1	1	10.00	10.00			PicarroGXXXX	3	2025-08-14 00:00:54.650	0.3471	2.289	1.564	442.609
2025-08-14 00:00:25.000	""	""	50	3	8211	0	1	1	1	0.75	0.00			50	3	8211	0	1	1	1	10.00	10.00			PicarroGXXXX	3	2025-08-14 00:00:54.650	0.3471	2.289	1.564	442.609
2025-08-14 00:00:26.000	""	""	50	3	8211	0	1	1	1	0.75	0.00			50	3	8211	0	1	1	1	10.00	10.00			PicarroGXXXX	3	2025-08-14 00:00:54.650	0.3471	2.289	1.564	442.609
2025-08-14 00:00:27.000	""	""	50	3	8211	0	1	1	1	0.75	0.00			50	3	8211	0	1	1	1	10.00	10.00			PicarroGXXXX	3	2025-08-14 00:00:57.480	0.3384	2.289	1.556	442.639
2025-08-14 00:00:28.000	""	""	50	3	8211	0	1	1	1	0.75	0.00			50	3	8211	0	1	1	1	10.00	10.00			PicarroGXXXX	3	2025-08-14 00:00:57.480	0.3384	2.289	1.556	442.639
2025-08-14 00:00:29.000	""	""	50	3	8211	0	1	1	1	0.75	0.00			50	3	8211	0	1	1	1	10.00	10.00			PicarroGXXXX	3	2025-08-14 00:00:59.960	0.3346	2.288	1.550	442.658
2025-08-14 00:00:30.000	""	""	50	3	8211	0	1	1	1	0.75	0.00			50	3	8211	0	1	1	1	10.00	10.00			PicarroGXXXX	3	2025-08-14 00:00:59.960	0.3346	2.288	1.550	442.658
2025-08-14 00:00:31.000	""	""	50	3	8211	0	1	1	1	0.75	0.00			50	3	8211	0	1	1	1	10.00	10.00			PicarroGXXXX	3	2025-08-14 00:00:59.960	0.3346	2.288	1.550	442.658
2025-08-14 00:00:32.000	""	""	50	3	8211	0	1	1	1	0.75	0.00			50	3	8211	0	1	1	1	10.00	10.00			PicarroGXXXX	3	2025-08-14 00:01:02.810	0.3447	2.288	1.548	442.627
2025-08-14 00:00:33.000	""	""	50	3	8211	0	1	1	1	0.75	0.00			50	3	8211	0	1	1	1	10.00	10.00			PicarroGXXXX	3	2025-08-14 00:01:02.810	0.3447	2.288	1.548	442.627
2025-08-14 00:00:34.000	""	""	50	3	8211	0	1	1	1	0.75	0.00			50	3	8211	0	1	1	1	10.00	10.00			PicarroGXXXX	3	2025-08-14 00:01:02.810	0.3447	2.288	1.548	442.627
2025-08-14 00:00:35.000	""	""	50	3	8211	0	1	1	1	0.75	0.00			50	3	8211	0	1	1	1	10.00	10.00			PicarroGXXXX	3	2025-08-14 00:01:05.300	0.3513	2.288	1.547	442.589
2025-08-14 00:00:36.000	""	""	50	3	8211	0	1	1	1	0.75	0.00			50	3	8211	0	1	1	1	10.00	10.00			PicarroGXXXX	3	2025-08-14 00:01:05.300	0.3513	2.288	1.547	442.589
2025-08-14 00:00:37.000	""	""	50	3	8211	0	1	1	1	0.75	0.00			50	3	8211	0	1	1	1	10.00	10.00			PicarroGXXXX	3	2025-08-14 00:01:07.640	0.3526	2.288	1.553	442.578
2025-08-14 00:00:38.000	""	""	50	3	8211	0	1	1	1	0.75	0.00			50	3	8211	0	1	1	1	10.00	10.00			PicarroGXXXX	3	2025-08-14 00:01:08.160	0.3490	2.288	1.554	442.577
2025-08-14 00:00:39.000	""	""	50	3	8211	0	1	1	1	0.75	0.00			50	3	8211	0	1	1	1	10.00	10.00			PicarroGXXXX	3	2025-08-14 00:01:08.160	0.3490	2.288	1.554	442.577
2025-08-14 00:00:40.000	""	""	50	3	8211	0	1	1	1	0.75	0.00			50	3	8211	0	1	1	1	10.00	10.00			PicarroGXXXX	3	2025-08-14 00:01:10.100	0.3409	2.288	1.558	442.573
2025-08-14 00:00:41.000	""	""	50	3	8211	0	1	1	1	0.75	0.00			50	3	8211	0	1	1	1	10.00	10.00			PicarroGXXXX	3	2025-08-14 00:01:10.650	0.3350	2.288	1.560	442.572
2025-08-14 00:00:42.000	""	""	50	3	8211	0	1	1	1	0.75	0.00			50	3	8211	0	1	1	1	10.00	10.00			PicarroGXXXX	3	2025-08-14 00:01:10.650	0.3350	2.288	1.560	442.572
2025-08-14 00:00:43.000	""	""	50	3	8211	0	1	1	1	0.75	0.00			50	3	8211	0	1	1	1	10.00	10.00			PicarroGXXXX	3	2025-08-14 00:01:13.450	0.3216	2.288	1.553	442.502
2025-08-14 00:00:44.000	""	""	50	3	8211	0	1	1	1	0.75	0.00			50	3	8211	0	1	1	1	10.00	10.00			PicarroGXXXX	3	2025-08-14 00:01:13.450	0.3216	2.288	1.553	442.502
2025-08-14 00:00:45.000	""	""	50	3	8211	0	1	1	1	0.75	0.00			50	3	8211	0	1	1	1	10.00	10.00			PicarroGXXXX	3	2025-08-14 00:01:15.290	0.3308	2.288	1.549	442.446
2025-08-14 00:00:46.000	""	""	50	3	8211	0	1	1	1	0.75	0.00			50	3	8211	0	1	1	1	10.00	10.00			PicarroGXXXX	3	2025-08-14 00:01:15.850	0.3342	2.288	1.548	442.429
2025-08-14 00:00:47.000	""	""	50	3	8211	0	1	1	1	0.75	0.00			50	3	8211	0	1	1	1	10.00	10.00			PicarroGXXXX	3	2025-08-14 00:01:15.850	0.3342	2.288	1.548	442.429
2025-08-14 00:00:48.000	""	""	50	3	8211	0	1	1	1	0.75	0.00			50	3	8211	0	1	1	1	10.00	10.00			PicarroGXXXX	3	2025-08-14 00:01:18.170	0.3439	2.288	1.549	442.464
2025-08-14 00:00:49.000	""	""	50	3	8211	0	1	1	1	0.75	0.00			50	3	8211	0	1	1	1	10.00	10.00			PicarroGXXXX	3	2025-08-14 00:01:18.670	0.3416	2.288	1.549	442.478
2025-08-14 00:00:50.000	""	""	50	3	8211	0	1	1	1	0.75	0.00			50	3	8211	0	1	1	1	10.00	10.00			PicarroGXXXX	3	2025-08-14 00:01:20.570	0.3365	2.288	1.549	442.533
2025-08-14 00:00:51.000	""	""	50	3	8211	0	1	1	1	0.75	0.00			50	3	8211	0	1	1	1	10.00	10.00			PicarroGXXXX	3	2025-08-14 00:01:21.130	0.3385	2.288	1.549	442.549
2025-08-14 00:00:52.000	""	""	50	3	8211	0	1	1	1	0.75	0.00			50	3	8211	0	1	1	1	10.00	10.00			PicarroGXXXX	3	2025-08-14 00:01:21.130	0.3385	2.288	1.549	442.549
2025-08-14 00:00:53.000	""	""	50	3	8211	0	1	1	1	0.75	0.00			50	3	8211	0	1	1	1	10.00	10.00			PicarroGXXXX	3	2025-08-14 00:01:23.960	0.3434	2.288	1.549	442.437
2025-08-14 00:00:54.000	""	""	50	3	8211	0	1	1	1	0.75	0.00			50	3	8211	0	1	1	1	10.00	10.00			PicarroGXXXX	3	2025-08-14 00:01:23.960	0.3434	2.288	1.549	442.437
2025-08-14 00:00:55.000	""	""	50	3	8211	0	1	1	1	0.75	0.00			50	3	8211	0	1	1	1	10.00	10.00			PicarroGXXXX	3	2025-08-14 00:01:23.960	0.3434	2.288	1.549	442.437
2025-08-14 00:00:56.000	""	""	50	3	8211	0	1	1	1	0.75	0.00			50	3	8211	0	1	1	1	10.00	10.00			PicarroGXXXX	3	2025-08-14 00:01:26.440	0.3387	2.288	1.549	442.299
2025-08-14 00:00:57.000	""	""	50	3	8211	0	1	1	1	0.75	0.00			50	3	8211	0	1	1	1	10.00	10.00			PicarroGXXXX	3	2025-08-14 00:01:26.440	0.3387	2.288	1.549	442.299
2025-08-14 00:00:58.000	""	""	50	3	8211	0	1	1	1	0.75	0.00			50	3	8211	0	1	1	1	10.00	10.00			PicarroGXXXX	3	2025-08-14 00:01:26.990	0.3353	2.288	1.550	442.268
2025-08-14 00:00:59.000	""	""	50	3	8211	0	1	1	1	0.75	0.00			50	3	8211	0	1	1	1	10.00	10.00			PicarroGXXXX	3	2025-08-14 00:01:29.220	0.3348	2.289	1.557	442.488
2025-08-14 00:01:00.000	""	""	50	3	8211	0	1	1	1	0.75	0.00			50	3	8211	0	1	1	1	10.00	10.00			PicarroGXXXX	3	2025-08-14 00:01:29.220	0.3348	2.289	1.557	442.488
2025-08-14 00:01:01.000	""	""	50	3	8211	0	1	1	1	0.75	0.00			50	3	8211	0	1	1	1	10.00	10.00			PicarroGXXXX	3	2025-08-14 00:01:31.620	0.3476	2.289	1.564	442.725
2025-08-14 00:01:02.000	""	""	50	3	8211	0	1	1	1	0.75	0.00			50	3	8211	0	1	1	1	10.00	10.00			PicarroGXXXX	3	2025-08-14 00:01:31.620	0.3476	2.289	1.564	442.725
2025-08-14 00:01:03.000	""	""	50	3	8211	0	1	1	1	0.75	0.00			50	3	8211	0	1	1	1	10.00	10.00			PicarroGXXXX	3	2025-08-14 00:01:31.620	0.3476	2.289	1.564	442.725
2025-08-14 00:01:04.000	""	""	50	3	8211	0	1	1	1	0.75	0.00			50	3	8211	0	1	1	1	10.00	10.00			PicarroGXXXX	3	2025-08-14 00:01:34.460	0.3358	2.289	1.553	442.753
2025-08-14 00:01:05.000	""	""	50	3	8211	0	1	1	1	0.75	0.00			50	3	8211	0	1	1	1	10.00	10.00			PicarroGXXXX	3	2025-08-14 00:01:34.460	0.3358	2.289	1.553	442.753
2025-08-14 00:01:06.000	""	""	50	3	8211	0	1	1	1	0.75	0.00			50	3	8211	0	1	1	1	10.00	10.00			PicarroGXXXX	3	2025-08-14 00:01:36.900	0.3271	2.289	1.544	442.726
2025-08-14 00:01:07.000	""	""	50	3	8211	0	1	1	1	0.75	0.00			50	3	8211	0	1	1	1	10.00	10.00			PicarroGXXXX	3	2025-08-14 00:01:36.900	0.3271	2.289	1.544	442.726
2025-08-14 00:01:08.000	""	""	50	3	8211	0	1	1	1	0.75	0.00			50	3	8211	0	1	1	1	10.00	10.00			PicarroGXXXX	3	2025-08-14 00:01:36.900	0.3271	2.289	1.544	442.726
2025-08-14 00:01:09.000	""	""	50	3	8211	0	1	1	1	0.75	0.00			50	3	8211	0	1	1	1	10.00	10.00			PicarroGXXXX	3	2025-08-14 00:01:39.680	0.3404	2.290	1.557	442.854
2025-08-14 00:01:10.000	""	""	50	3	8211	0	1	1	1	0.75	0.00			50	3	8211	0	1	1	1	10.00	10.00			PicarroGXXXX	3	2025-08-14 00:01:39.680	0.3404	2.290	1.557	442.854
2025-08-14 00:01:11.000	""	""	50	3	8211	0	1	1	1	0.75	0.00			50	3	8211	0	1	1	1	10.00	10.00			PicarroGXXXX	3	2025-08-14 00:01:39.680	0.3404	2.290	1.557	442.854
2025-08-14 00:01:12.000	""	""	50	3	8211	0	1	1	1	0.75	8.40			50	3	8211	0	1	1	1	10.00	10.00			PicarroGXXXX	3	2025-08-14 00:01:42.070	0.3415	2.290	1.569	442.996
2025-08-14 00:01:13.000	""	""	50	3	8211	0	1	1	1	0.75	17.40			50	3	8211	0	1	1	1	10.00	10.00			PicarroGXXXX	3	2025-08-14 00:01:42.070	0.3415	2.290	1.569	442.996
2025-08-14 00:01:14.000	""	""	50	3	8211	0	1	1	1	0.75	17.40			50	3	8211	0	1	1	1	10.00	10.00			PicarroGXXXX	3	2025-08-14 00:01:43.650	0.3230	2.290	1.566	442.958
2025-08-14 00:01:15.000	""	""	50	3	8211	0	1	1	1	0.75	17.40			50	3	8211	0	1	1	1	10.00	10.00			PicarroGXXXX	3	2025-08-14 00:01:44.880	0.3275	2.289	1.565	442.873
2025-08-14 00:01:16.000	""	""	50	3	8211	0	1	1	1	0.75	17.40			50	3	8211	0	1	1	1	10.00	10.00			PicarroGXXXX	3	2025-08-14 00:01:46.770	0.3385	2.289	1.562	442.744
2025-08-14 00:01:17.000	""	""	50	3	8211	0	1	1	1	0.75	17.40			50	3	8211	0	1	1	1	10.00	10.00			PicarroGXXXX	3	2025-08-14 00:01:47.310	0.3416	2.289	1.561	442.706
2025-08-14 00:01:18.000	""	""	50	3	8211	0	1	1	1	0.75	17.40			50	3	8211	0	1	1	1	10.00	10.00			PicarroGXXXX	3	2025-08-14 00:01:47.310	0.3416	2.289	1.561	442.706
2025-08-14 00:01:19.000	""	""	50	3	8211	0	1	1	1	0.75	17.40			50	3	8211	0	1	1	1	10.00	10.00			PicarroGXXXX	3	2025-08-14 00:01:47.860	0.3447	2.289	1.560	442.669
2025-08-14 00:01:20.000	""	""	50	3	8211	0	1	1	1	0.75	17.40			50	3	8211	0	1	1	1	10.00	10.00			PicarroGXXXX	3	2025-08-14 00:01:50.100	0.3508	2.289	1.553	442.671
2025-08-14 00:01:21.000	""	""	50	3	8211	0	1	1	1	0.75	17.40			50	3	8211	0	1	1	1	10.00	10.00			PicarroGXXXX	3	2025-08-14 00:01:50.100	0.3508	2.289	1.553	442.671
2025-08-14 00:01:22.000	""	""	50	3	8211	0	1	1	1	0.75	17.40			50	3	8211	0	1	1	1	10.00	10.00			PicarroGXXXX	3	2025-08-14 00:01:52.470	0.3513	2.289	1.546	442.673
2025-08-14 00:01:23.000	""	""	50	3	8211	0	1	1	1	0.75	17.40			50	3	8211	0	1	1	1	10.00	10.00			PicarroGXXXX	3	2025-08-14 00:01:52.470	0.3513	2.289	1.546	442.673
2025-08-14 00:01:24.000	""	""	50	3	8211	0	1	1	1	0.75	17.40			50	3	8211	0	1	1	1	10.00	10.00			PicarroGXXXX	3	2025-08-14 00:01:53.020	0.3509	2.289	1.547	442.674
2025-08-14 00:01:25.000	""	""	50	3	8211	0	1	1	1	0.75	17.40			50	3	8211	0	1	1	1	10.00	10.00			PicarroGXXXX	3	2025-08-14 00:01:55.300	0.3485	2.290	1.549	442.905
2025-08-14 00:01:26.000	""	""	50	3	8211	0	1	1	1	0.75	17.40			50	3	8211	0	1	1	1	10.00	10.00			PicarroGXXXX	3	2025-08-14 00:01:55.300	0.3485	2.290	1.549	442.905
2025-08-14 00:01:27.000	""	""	50	3	8211	0	1	1	1	0.75	17.40			50	3	8211	0	1	1	1	10.00	10.00			PicarroGXXXX	3	2025-08-14 00:01:57.770	0.3431	2.290	1.551	443.156
2025-08-14 00:01:28.000	""	""	50	3	8211	0	1	1	1	0.75	17.40			50	3	8211	0	1	1	1	10.00	10.00			PicarroGXXXX	3	2025-08-14 00:01:57.770	0.3431	2.290	1.551	443.156
2025-08-14 00:01:29.000	""	""	50	3	8211	0	1	1	1	0.75	17.40			50	3	8211	0	1	1	1	10.00	10.00			PicarroGXXXX	3	2025-08-14 00:01:57.770	0.3431	2.290	1.551	443.156
2025-08-14 00:01:30.000	""	""	50	3	8211	0	1	1	1	0.75	17.40			50	3	8211	0	1	1	1	10.00	10.00			PicarroGXXXX	3	2025-08-14 00:02:00.640	0.3444	2.290	1.553	443.356
2025-08-14 00:01:31.000	""	""	50	3	8211	0	1	1	1	0.75	17.40			50	3	8211	0	1	1	1	10.00	10.00			PicarroGXXXX	3	2025-08-14 00:02:00.640	0.3444	2.290	1.553	443.356
2025-08-14 00:01:32.000	""	""	50	3	8211	0	1	1	1	0.75	17.40			50	3	8211	0	1	1	1	10.00	10.00			PicarroGXXXX	3	2025-08-14 00:02:01.790	0.3565	2.290	1.554	443.428
2025-08-14 00:01:33.000	""	""	50	3	8211	0	1	1	1	0.75	17.40			50	3	8211	0	1	1	1	10.00	10.00			PicarroGXXXX	3	2025-08-14 00:02:03.130	0.3517	2.290	1.555	443.510
2025-08-14 00:01:34.000	""	""	50	3	8211	0	1	1	1	0.75	17.40			50	3	8211	0	1	1	1	10.00	10.00			PicarroGXXXX	3	2025-08-14 00:02:03.130	0.3517	2.290	1.555	443.510
2025-08-14 00:01:35.000	""	""	50	3	8211	0	1	1	1	0.75	17.40			50	3	8211	0	1	1	1	10.00	10.00			PicarroGXXXX	3	2025-08-14 00:02:03.130	0.3517	2.290	1.555	443.510
2025-08-14 00:01:36.000	""	""	50	3	8211	0	1	1	1	0.75	17.40			50	3	8211	0	1	1	1	10.00	10.00			PicarroGXXXX	3	2025-08-14 00:02:05.920	0.3342	2.290	1.552	443.237
2025-08-14 00:01:37.000	""	""	50	3	8211	0	1	1	1	0.75	17.40			50	3	8211	0	1	1	1	10.00	10.00			PicarroGXXXX	3	2025-08-14 00:02:05.920	0.3342	2.290	1.552	443.237
2025-08-14 00:01:38.000	""	""	50	3	8211	0	1	1	1	0.75	17.40			50	3	8211	0	1	1	1	10.00	10.00			PicarroGXXXX	3	2025-08-14 00:02:08.360	0.3279	2.291	1.549	442.903
2025-08-14 00:01:39.000	""	""	50	3	8211	0	1	1	1	0.75	17.40			50	3	8211	0	1	1	1	10.00	10.00			PicarroGXXXX	3	2025-08-14 00:02:08.360	0.3279	2.291	1.549	442.903
2025-08-14 00:01:40.000	""	""	50	3	8211	0	1	1	1	0.75	17.40			50	3	8211	0	1	1	1	10.00	10.00			PicarroGXXXX	3	2025-08-14 00:02:11.220	0.3347	2.291	1.549	442.892
2025-08-14 00:01:41.000	""	""	50	3	8211	0	1	1	1	0.75	17.40			50	3	8211	0	1	1	1	10.00	10.00			PicarroGXXXX	3	2025-08-14 00:02:11.220	0.3347	2.291	1.549	442.892
2025-08-14 00:01:42.000	""	""	50	3	8211	0	1	1	1	0.75	17.40			50	3	8211	0	1	1	1	10.00	10.00			PicarroGXXXX	3	2025-08-14 00:02:11.220	0.3347	2.291	1.549	442.892
2025-08-14 00:01:43.000	""	""	50	3	8211	0	1	1	1	0.75	17.40			50	3	8211	0	1	1	1	10.00	10.00			PicarroGXXXX	3	2025-08-14 00:02:13.650	0.3364	2.291	1.548	442.961
2025-08-14 00:01:44.000	""	""	50	3	8211	0	1	1	1	0.75	17.40			50	3	8211	0	1	1	1	10.00	10.00			PicarroGXXXX	3	2025-08-14 00:02:13.650	0.3364	2.291	1.548	442.961
2025-08-14 00:01:45.000	""	""	50	3	8211	0	1	1	1	0.75	17.40			50	3	8211	0	1	1	1	10.00	10.00			PicarroGXXXX	3	2025-08-14 00:02:13.650	0.3364	2.291	1.548	442.961
2025-08-14 00:01:46.000	""	""	50	3	8211	0	1	1	1	0.75	17.40			50	3	8211	0	1	1	1	10.00	10.00			PicarroGXXXX	3	2025-08-14 00:02:16.470	0.3286	2.292	1.551	443.078
2025-08-14 00:01:47.000	""	""	50	3	8211	0	1	1	1	0.75	17.40			50	3	8211	0	1	1	1	10.00	10.00			PicarroGXXXX	3	2025-08-14 00:02:16.470	0.3286	2.292	1.551	443.078
2025-08-14 00:01:48.000	""	""	50	3	8211	0	1	1	1	0.75	17.40			50	3	8211	0	1	1	1	10.00	10.00			PicarroGXXXX	3	2025-08-14 00:02:18.880	0.3336	2.292	1.554	443.185
2025-08-14 00:01:49.000	""	""	50	3	8211	0	1	1	1	0.75	17.40			50	3	8211	0	1	1	1	10.00	10.00			PicarroGXXXX	3	2025-08-14 00:02:18.880	0.3336	2.292	1.554	443.185
2025-08-14 00:01:50.000	""	""	50	3	8211	0	1	1	1	0.75	17.40			50	3	8211	0	1	1	1	10.00	10.00			PicarroGXXXX	3	2025-08-14 00:02:18.880	0.3336	2.292	1.554	443.185
2025-08-14 00:01:51.000	""	""	50	3	8211	0	1	1	1	0.75	17.40			50	3	8211	0	1	1	1	10.00	10.00			PicarroGXXXX	3	2025-08-14 00:02:21.680	0.3423	2.291	1.552	443.144
2025-08-14 00:01:52.000	""	""	50	3	8211	0	1	1	1	0.75	17.40			50	3	8211	0	1	1	1	10.00	10.00			PicarroGXXXX	3	2025-08-14 00:02:21.680	0.3423	2.291	1.552	443.144
2025-08-14 00:01:53.000	""	""	50	3	8211	0	1	1	1	0.75	17.40			50	3	8211	0	1	1	1	10.00	10.00			PicarroGXXXX	3	2025-08-14 00:02:21.680	0.3423	2.291	1.552	443.144
2025-08-14 00:01:54.000	""	""	50	3	8211	0	1	1	1	0.75	17.40			50	3	8211	0	1	1	1	10.00	10.00			PicarroGXXXX	3	2025-08-14 00:02:24.120	0.3427	2.291	1.550	443.074
2025-08-14 00:01:55.000	""	""	50	3	8211	0	1	1	1	0.75	17.40			50	3	8211	0	1	1	1	10.00	10.00			PicarroGXXXX	3	2025-08-14 00:02:24.120	0.3427	2.291	1.550	443.074
2025-08-14 00:01:56.000	""	""	50	3	8211	0	1	1	1	0.75	17.40			50	3	8211	0	1	1	1	10.00	10.00			PicarroGXXXX	3	2025-08-14 00:02:24.120	0.3427	2.291	1.550	443.074
2025-08-14 00:01:57.000	""	""	50	3	8211	0	1	1	1	0.75	17.40			50	3	8211	0	1	1	1	10.00	10.00			PicarroGXXXX	3	2025-08-14 00:02:26.950	0.3318	2.292	1.547	442.980
2025-08-14 00:01:58.000	""	""	50	3	8211	0	1	1	1	0.75	17.40			50	3	8211	0	1	1	1	10.00	10.00			PicarroGXXXX	3	2025-08-14 00:02:29.370	0.3282	2.292	1.545	442.897
2025-08-14 00:01:59.000	""	""	50	3	8211	0	1	1	1	0.75	17.40			50	3	8211	0	1	1	1	10.00	10.00			PicarroGXXXX	3	2025-08-14 00:02:29.370	0.3282	2.292	1.545	442.897
2025-08-14 00:02:00.000	""	""	50	3	8211	0	1	1	1	0.75	17.40			50	3	8211	0	1	1	1	10.00	10.00			PicarroGXXXX	3	2025-08-14 00:02:29.370	0.3282	2.292	1.545	442.897
2025-08-14 00:02:01.000	""	""	50	3	8211	0	1	1	1	0.75	17.40			50	3	8211	0	1	1	1	10.00	10.00			PicarroGXXXX	3	2025-08-14 00:02:29.910	0.3305	2.292	1.545	442.879
2025-08-14 00:02:02.000	""	""	50	3	8211	0	1	1	1	0.75	17.40			50	3	8211	0	1	1	1	10.00	10.00			PicarroGXXXX	3	2025-08-14 00:02:32.260	0.3363	2.292	1.545	442.906
2025-08-14 00:02:03.000	""	""	50	3	8211	0	1	1	1	0.75	17.40			50	3	8211	0	1	1	1	10.00	10.00			PicarroGXXXX	3	2025-08-14 00:02:32.260	0.3363	2.292	1.545	442.906
2025-08-14 00:02:04.000	""	""	50	3	8211	0	1	1	1	0.75	17.40			50	3	8211	0	1	1	1	10.00	10.00			PicarroGXXXX	3	2025-08-14 00:02:34.730	0.3386	2.292	1.545	442.935
2025-08-14 00:02:05.000	""	""	50	3	8211	0	1	1	1	0.75	17.40			50	3	8211	0	1	1	1	10.00	10.00			PicarroGXXXX	3	2025-08-14 00:02:34.730	0.3386	2.292	1.545	442.935
2025-08-14 00:02:06.000	""	""	50	3	8211	0	1	1	1	0.75	17.40			50	3	8211	0	1	1	1	10.00	10.00			PicarroGXXXX	3	2025-08-14 00:02:35.290	0.3378	2.292	1.547	442.942
2025-08-14 00:02:07.000	""	""	50	3	8211	0	1	1	1	0.75	17.40			50	3	8211	0	1	1	1	10.00	10.00			PicarroGXXXX	3	2025-08-14 00:02:37.060	0.3364	2.293	1.552	443.096
2025-08-14 00:02:08.000	""	""	50	3	8211	0	1	1	1	0.75	17.40			50	3	8211	0	1	1	1	10.00	10.00			PicarroGXXXX	3	2025-08-14 00:02:37.490	0.3351	2.293	1.554	443.134
2025-08-14 00:02:09.000	""	""	50	3	8211	0	1	1	1	0.75	17.40			50	3	8211	0	1	1	1	10.00	10.00			PicarroGXXXX	3	2025-08-14 00:02:39.900	0.3361	2.293	1.562	443.342
2025-08-14 00:02:10.000	""	""	50	3	8211	0	1	1	1	0.75	17.40			50	3	8211	0	1	1	1	10.00	10.00			PicarroGXXXX	3	2025-08-14 00:02:39.900	0.3361	2.293	1.562	443.342
2025-08-14 00:02:11.000	""	""	50	3	8211	0	1	1	1	0.75	17.40			50	3	8211	0	1	1	1	10.00	10.00			PicarroGXXXX	3	2025-08-14 00:02:39.900	0.3361	2.293	1.562	443.342
2025-08-14 00:02:12.000	""	""	50	3	8211	0	1	1	1	0.75	17.40			50	3	8211	0	1	1	1	10.00	10.00			PicarroGXXXX	3	2025-08-14 00:02:42.210	0.3476	2.293	1.556	443.380
2025-08-14 00:02:13.000	""	""	50	3	8211	0	1	1	1	0.75	17.40			50	3	8211	0	1	1	1	10.00	10.00			PicarroGXXXX	3	2025-08-14 00:02:42.710	0.3417	2.293	1.555	443.377
2025-08-14 00:02:14.000	""	""	50	3	8211	0	1	1	1	0.75	17.40			50	3	8211	0	1	1	1	10.00	10.00			PicarroGXXXX	3	2025-08-14 00:02:42.710	0.3417	2.293	1.555	443.377
2025-08-14 00:02:15.000	""	""	50	3	8211	0	1	1	1	0.75	17.40			50	3	8211	0	1	1	1	10.00	10.00			PicarroGXXXX	3	2025-08-14 00:02:45.210	0.3332	2.293	1.548	443.363
2025-08-14 00:02:16.000	""	""	50	3	8211	0	1	1	1	0.75	17.40			50	3	8211	0	1	1	1	10.00	10.00			PicarroGXXXX	3	2025-08-14 00:02:45.210	0.3332	2.293	1.548	443.363
2025-08-14 00:02:17.000	""	""	50	3	8211	0	1	1	1	0.75	17.40			50	3	8211	0	1	1	1	10.00	10.00			PicarroGXXXX	3	2025-08-14 00:02:46.780	0.3469	2.293	1.555	443.291
2025-08-14 00:02:18.000	""	""	50	3	8211	0	1	1	1	0.75	17.40			50	3	8211	0	1	1	1	10.00	10.00			PicarroGXXXX	3	2025-08-14 00:02:48.070	0.3415	2.293	1.561	443.204
2025-08-14 00:02:19.000	""	""	50	3	8211	0	1	1	1	0.75	17.40			50	3	8211	0	1	1	1	10.00	10.00			PicarroGXXXX	3	2025-08-14 00:02:48.070	0.3415	2.293	1.561	443.204
2025-08-14 00:02:20.000	""	""	50	3	8211	0	1	1	1	0.75	17.40			50	3	8211	0	1	1	1	10.00	10.00			PicarroGXXXX	3	2025-08-14 00:02:50.560	0.3316	2.293	1.572	443.036
2025-08-14 00:02:21.000	""	""	50	3	8211	0	1	1	1	0.75	17.40			50	3	8211	0	1	1	1	10.00	10.00			PicarroGXXXX	3	2025-08-14 00:02:50.560	0.3316	2.293	1.572	443.036
2025-08-14 00:02:22.000	""	""	50	3	8211	0	1	1	1	0.75	17.40			50	3	8211	0	1	1	1	10.00	10.00			PicarroGXXXX	3	2025-08-14 00:02:50.560	0.3316	2.293	1.572	443.036
2025-08-14 00:02:23.000	""	""	50	3	8211	0	1	1	1	0.75	17.40			50	3	8211	0	1	1	1	10.00	10.00			PicarroGXXXX	3	2025-08-14 00:02:53.280	0.3382	2.293	1.559	443.144
2025-08-14 00:02:24.000	""	""	50	3	8211	0	1	1	1	0.75	17.40			50	3	8211	0	1	1	1	10.00	10.00			PicarroGXXXX	3	2025-08-14 00:02:53.280	0.3382	2.293	1.559	443.144
2025-08-14 00:02:25.000	""	""	50	3	8211	0	1	1	1	0.75	17.40			50	3	8211	0	1	1	1	10.00	10.00			PicarroGXXXX	3	2025-08-14 00:02:54.370	0.3409	2.293	1.554	443.216
2025-08-14 00:02:26.000	""	""	50	3	8211	0	1	1	1	0.75	17.40			50	3	8211	0	1	1	1	10.00	10.00			PicarroGXXXX	3	2025-08-14 00:02:55.680	0.3416	2.292	1.548	443.304
2025-08-14 00:02:27.000	""	""	50	3	8211	0	1	1	1	0.75	17.40			50	3	8211	0	1	1	1	10.00	10.00			PicarroGXXXX	3	2025-08-14 00:02:55.680	0.3416	2.292	1.548	443.304
2025-08-14 00:02:28.000	""	""	50	3	8211	0	1	1	1	0.75	17.40			50	3	8211	0	1	1	1	10.00	10.00			PicarroGXXXX	3	2025-08-14 00:02:58.520	0.3454	2.293	1.552	443.342
2025-08-14 00:02:29.000	""	""	50	3	8211	0	1	1	1	0.75	17.40			50	3	8211	0	1	1	1	10.00	10.00			PicarroGXXXX	3	2025-08-14 00:02:58.520	0.3454	2.293	1.552	443.342
2025-08-14 00:02:30.000	""	""	50	3	8211	0	1	1	1	0.75	17.40			50	3	8211	0	1	1	1	10.00	10.00			PicarroGXXXX	3	2025-08-14 00:02:59.670	0.3487	2.293	1.553	443.342
2025-08-14 00:02:31.000	""	""	50	3	8211	0	1	1	1	0.75	17.40			50	3	8211	0	1	1	1	10.00	10.00			PicarroGXXXX	3	2025-08-14 00:03:01.000	0.3489	2.293	1.555	443.342
2025-08-14 00:02:32.000	""	""	50	3	8211	0	1	1	1	0.75	17.40			50	3	8211	0	1	1	1	10.00	10.00			PicarroGXXXX	3	2025-08-14 00:03:01.000	0.3489	2.293	1.555	443.342
2025-08-14 00:02:33.000	""	""	50	3	8211	0	1	1	1	0.75	17.40			50	3	8211	0	1	1	1	10.00	10.00			PicarroGXXXX	3	2025-08-14 00:03:03.780	0.3445	2.293	1.551	443.183
2025-08-14 00:02:34.000	""	""	50	3	8211	0	1	1	1	0.75	17.40			50	3	8211	0	1	1	1	10.00	10.00			PicarroGXXXX	3	2025-08-14 00:03:03.780	0.3445	2.293	1.551	443.183
2025-08-14 00:02:35.000	""	""	50	3	8211	0	1	1	1	0.75	17.40			50	3	8211	0	1	1	1	10.00	10.00			PicarroGXXXX	3	2025-08-14 00:03:06.160	0.3362	2.293	1.548	443.014
2025-08-14 00:02:36.000	""	""	50	3	8211	0	1	1	1	0.75	17.40			50	3	8211	0	1	1	1	10.00	10.00			PicarroGXXXX	3	2025-08-14 00:03:06.160	0.3362	2.293	1.548	443.014
2025-08-14 00:02:37.000	""	""	50	3	8211	0	1	1	1	0.75	17.40			50	3	8211	0	1	1	1	10.00	10.00			PicarroGXXXX	3	2025-08-14 00:03:06.160	0.3362	2.293	1.548	443.014
2025-08-14 00:02:38.000	""	""	50	3	8211	0	1	1	1	0.75	17.40			50	3	8211	0	1	1	1	10.00	10.00			PicarroGXXXX	3	2025-08-14 00:03:06.700	0.3390	2.293	1.548	442.976
2025-08-14 00:02:39.000	""	""	50	3	8211	0	1	1	1	0.75	17.40			50	3	8211	0	1	1	1	10.00	10.00			PicarroGXXXX	3	2025-08-14 00:03:08.930	0.3409	2.293	1.548	443.218
2025-08-14 00:02:40.000	""	""	50	3	8211	0	1	1	1	0.75	17.40			50	3	8211	0	1	1	1	10.00	10.00			PicarroGXXXX	3	2025-08-14 00:03:08.930	0.3409	2.293	1.548	443.218
2025-08-14 00:02:41.000	""	""	50	3	8211	0	1	1	1	0.75	17.40			50	3	8211	0	1	1	1	10.00	10.00			PicarroGXXXX	3	2025-08-14 00:03:11.450	0.3318	2.293	1.549	443.491
2025-08-14 00:02:42.000	""	""	50	3	8211	0	1	1	1	0.75	17.40			50	3	8211	0	1	1	1	10.00	10.00			PicarroGXXXX	3	2025-08-14 00:03:11.450	0.3318	2.293	1.549	443.491
2025-08-14 00:02:43.000	""	""	50	3	8211	0	1	1	1	0.75	17.40			50	3	8211	0	1	1	1	10.00	10.00			PicarroGXXXX	3	2025-08-14 00:03:13.040	0.3315	2.293	1.552	443.541
2025-08-14 00:02:44.000	""	""	50	3	8211	0	1	1	1	0.75	17.40			50	3	8211	0	1	1	1	10.00	10.00			PicarroGXXXX	3	2025-08-14 00:03:14.260	0.3331	2.293	1.554	443.531
2025-08-14 00:02:45.000	""	""	50	3	8211	0	1	1	1	0.75	17.40			50	3	8211	0	1	1	1	10.00	10.00			PicarroGXXXX	3	2025-08-14 00:03:14.260	0.3331	2.293	1.554	443.531
2025-08-14 00:02:46.000	""	""	50	3	8211	0	1	1	1	0.75	17.40			50	3	8211	0	1	1	1	10.00	10.00			PicarroGXXXX	3	2025-08-14 00:03:16.700	0.3415	2.293	1.558	443.510
2025-08-14 00:02:47.000	""	""	50	3	8211	0	1	1	1	0.75	17.40			50	3	8211	0	1	1	1	10.00	10.00			PicarroGXXXX	3	2025-08-14 00:03:16.700	0.3415	2.293	1.558	443.510
2025-08-14 00:02:48.000	""	""	50	3	8211	0	1	1	1	0.75	17.40			50	3	8211	0	1	1	1	10.00	10.00			PicarroGXXXX	3	2025-08-14 00:03:16.700	0.3415	2.293	1.558	443.510
2025-08-14 00:02:49.000	""	""	50	3	8211	0	1	1	1	0.75	17.40			50	3	8211	0	1	1	1	10.00	10.00			PicarroGXXXX	3	2025-08-14 00:03:19.480	0.3526	2.293	1.562	443.500
2025-08-14 00:02:50.000	""	""	50	3	8211	0	1	1	1	0.75	17.40			50	3	8211	0	1	1	1	10.00	10.00			PicarroGXXXX	3	2025-08-14 00:03:19.480	0.3526	2.293	1.562	443.500
2025-08-14 00:02:51.000	""	""	50	3	8211	0	1	1	1	0.75	17.40			50	3	8211	0	1	1	1	10.00	10.00			PicarroGXXXX	3	2025-08-14 00:03:21.910	0.3493	2.294	1.565	443.493
2025-08-14 00:02:52.000	""	""	50	3	8211	0	1	1	1	0.75	17.40			50	3	8211	0	1	1	1	10.00	10.00			PicarroGXXXX	3	2025-08-14 00:03:21.910	0.3493	2.294	1.565	443.493
2025-08-14 00:02:53.000	""	""	50	3	8211	0	1	1	1	0.75	17.40			50	3	8211	0	1	1	1	10.00	10.00			PicarroGXXXX	3	2025-08-14 00:03:21.910	0.3493	2.294	1.565	443.493
2025-08-14 00:02:54.000	""	""	50	3	8211	0	1	1	1	0.75	17.40			50	3	8211	0	1	1	1	10.00	10.00			PicarroGXXXX	3	2025-08-14 00:03:24.660	0.3539	2.295	1.558	443.565
2025-08-14 00:02:55.000	""	""	50	3	8211	0	1	1	1	0.75	17.40			50	3	8211	0	1	1	1	10.00	10.00			PicarroGXXXX	3	2025-08-14 00:03:24.660	0.3539	2.295	1.558	443.565
2025-08-14 00:02:56.000	""	""	50	3	8211	0	1	1	1	0.75	17.40			50	3	8211	0	1	1	1	10.00	10.00			PicarroGXXXX	3	2025-08-14 00:03:27.020	0.3423	2.294	1.551	443.644
2025-08-14 00:02:57.000	""	""	50	3	8211	0	1	1	1	0.75	17.40			50	3	8211	0	1	1	1	10.00	10.00			PicarroGXXXX	3	2025-08-14 00:03:27.020	0.3423	2.294	1.551	443.644
2025-08-14 00:02:58.000	""	""	50	3	8211	0	1	1	1	0.75	17.40			50	3	8211	0	1	1	1	10.00	10.00			PicarroGXXXX	3	2025-08-14 00:03:27.020	0.3423	2.294	1.551	443.644
2025-08-14 00:02:59.000	""	""	50	3	8211	0	1	1	1	0.75	17.40			50	3	8211	0	1	1	1	10.00	10.00			PicarroGXXXX	3	2025-08-14 00:03:29.850	0.3307	2.294	1.555	443.458
2025-08-14 00:03:00.000	""	""	50	3	8211	0	1	1	1	0.75	17.40			50	3	8211	0	1	1	1	10.00	10.00			PicarroGXXXX	3	2025-08-14 00:03:29.850	0.3307	2.294	1.555	443.458
2025-08-14 00:03:01.000	""	""	50	3	8211	0	1	1	1	0.75	17.40			50	3	8211	0	1	1	1	10.00	10.00			PicarroGXXXX	3	2025-08-14 00:03:32.300	0.3348	2.294	1.559	443.238
2025-08-14 00:03:02.000	""	""	50	3	8211	0	1	1	1	0.75	17.40			50	3	8211	0	1	1	1	10.00	10.00			PicarroGXXXX	3	2025-08-14 00:03:32.300	0.3348	2.294	1.559	443.238
2025-08-14 00:03:03.000	""	""	50	3	8211	0	1	1	1	0.75	17.40			50	3	8211	0	1	1	1	10.00	10.00			PicarroGXXXX	3	2025-08-14 00:03:32.300	0.3348	2.294	1.559	443.238
2025-08-14 00:03:04.000	""	""	50	3	8211	0	1	1	1	0.75	17.40			50	3	8211	0	1	1	1	10.00	10.00			PicarroGXXXX	3	2025-08-14 00:03:35.090	0.3434	2.294	1.552	443.406
2025-08-14 00:03:05.000	""	""	50	3	8211	0	1	1	1	0.75	17.40			50	3	8211	0	1	1	1	10.00	10.00			PicarroGXXXX	3	2025-08-14 00:03:35.090	0.3434	2.294	1.552	443.406
2025-08-14 00:03:06.000	""	""	50	3	8211	0	1	1	1	0.75	17.40			50	3	8211	0	1	1	1	10.00	10.00			PicarroGXXXX	3	2025-08-14 00:03:35.090	0.3434	2.294	1.552	443.406
2025-08-14 00:03:07.000	""	""	50	3	8211	0	1	1	1	0.75	17.40			50	3	8211	0	1	1	1	10.00	10.00			PicarroGXXXX	3	2025-08-14 00:03:37.500	0.3387	2.293	1.546	443.640
2025-08-14 00:03:08.000	""	""	50	3	8211	0	1	1	1	0.75	17.40			50	3	8211	0	1	1	1	10.00	10.00			PicarroGXXXX	3	2025-08-14 00:03:37.500	0.3387	2.293	1.546	443.640
2025-08-14 00:03:09.000	""	""	50	3	8211	0	1	1	1	0.75	17.40			50	3	8211	0	1	1	1	10.00	10.00			PicarroGXXXX	3	2025-08-14 00:03:37.500	0.3387	2.293	1.546	443.640
2025-08-14 00:03:10.000	""	""	50	3	8211	0	1	1	1	0.75	17.40			50	3	8211	0	1	1	1	10.00	10.00			PicarroGXXXX	3	2025-08-14 00:03:40.270	0.3287	2.294	1.547	443.614
2025-08-14 00:03:11.000	""	""	50	3	8211	0	1	1	1	0.75	17.40			50	3	8211	0	1	1	1	10.00	10.00			PicarroGXXXX	3	2025-08-14 00:03:40.270	0.3287	2.294	1.547	443.614
2025-08-14 00:03:12.000	""	""	50	3	8211	0	1	1	1	0.75	17.40			50	3	8211	0	1	1	1	10.00	10.00			PicarroGXXXX	3	2025-08-14 00:03:42.660	0.3295	2.294	1.548	443.532
2025-08-14 00:03:13.000	""	""	50	3	8211	0	1	1	1	0.75	17.40			50	3	8211	0	1	1	1	10.00	10.00			PicarroGXXXX	3	2025-08-14 00:03:42.660	0.3295	2.294	1.548	443.532
2025-08-14 00:03:14.000	""	""	50	3	8211	0	1	1	1	0.75	17.40			50	3	8211	0	1	1	1	10.00	10.00			PicarroGXXXX	3	2025-08-14 00:03:42.660	0.3295	2.294	1.548	443.532
2025-08-14 00:03:15.000	""	""	50	3	8211	0	1	1	1	0.75	17.40			50	3	8211	0	1	1	1	10.00	10.00			PicarroGXXXX	3	2025-08-14 00:03:45.490	0.3473	2.295	1.547	443.619
2025-08-14 00:03:16.000	""	""	50	3	8211	0	1	1	1	0.75	17.40			50	3	8211	0	1	1	1	10.00	10.00			PicarroGXXXX	3	2025-08-14 00:03:45.490	0.3473	2.295	1.547	443.619
2025-08-14 00:03:17.000	""	""	50	3	8211	0	1	1	1	0.75	17.40			50	3	8211	0	1	1	1	10.00	10.00			PicarroGXXXX	3	2025-08-14 00:03:45.490	0.3473	2.295	1.547	443.619
2025-08-14 00:03:18.000	""	""	50	3	8211	0	1	1	1	0.75	17.40			50	3	8211	0	1	1	1	10.00	10.00			PicarroGXXXX	3	2025-08-14 00:03:47.940	0.3386	2.295	1.546	443.733
2025-08-14 00:03:19.000	""	""	50	3	8211	0	1	1	1	0.75	17.40			50	3	8211	0	1	1	1	10.00	10.00			PicarroGXXXX	3	2025-08-14 00:03:47.940	0.3386	2.295	1.546	443.733
2025-08-14 00:03:20.000	""	""	50	3	8211	0	1	1	1	0.75	17.40			50	3	8211	0	1	1	1	10.00	10.00			PicarroGXXXX	3	2025-08-14 00:03:50.770	0.3344	2.295	1.553	443.599
2025-08-14 00:03:21.000	""	""	50	3	8211	0	1	1	1	0.75	17.40			50	3	8211	0	1	1	1	10.00	10.00			PicarroGXXXX	3	2025-08-14 00:03:50.770	0.3344	2.295	1.553	443.599
2025-08-14 00:03:22.000	""	""	50	3	8211	0	1	1	1	0.75	17.40			50	3	8211	0	1	1	1	10.00	10.00			PicarroGXXXX	3	2025-08-14 00:03:50.770	0.3344	2.295	1.553	443.599
2025-08-14 00:03:23.000	""	""	50	3	8211	0	1	1	1	0.75	17.40			50	3	8211	0	1	1	1	10.00	10.00			PicarroGXXXX	3	2025-08-14 00:03:53.270	0.3428	2.295	1.558	443.425
2025-08-14 00:03:24.000	""	""	50	3	8211	0	1	1	1	0.75	17.40			50	3	8211	0	1	1	1	10.00	10.00			PicarroGXXXX	3	2025-08-14 00:03:53.270	0.3428	2.295	1.558	443.425
2025-08-14 00:03:25.000	""	""	50	3	8211	0	1	1	1	0.75	17.40			50	3	8211	0	1	1	1	10.00	10.00			PicarroGXXXX	3	2025-08-14 00:03:53.820	0.3453	2.295	1.558	443.387
2025-08-14 00:03:26.000	""	""	50	3	8211	0	1	1	1	0.75	17.40			50	3	8211	0	1	1	1	10.00	10.00			PicarroGXXXX	3	2025-08-14 00:03:56.120	0.3448	2.295	1.556	443.328
2025-08-14 00:03:27.000	""	""	50	3	8211	0	1	1	1	0.75	17.40			50	3	8211	0	1	1	1	10.00	10.00			PicarroGXXXX	3	2025-08-14 00:03:56.120	0.3448	2.295	1.556	443.328
2025-08-14 00:03:28.000	""	""	50	3	8211	0	1	1	1	0.75	17.40			50	3	8211	0	1	1	1	10.00	10.00			PicarroGXXXX	3	2025-08-14 00:03:58.580	0.3326	2.295	1.554	443.265
2025-08-14 00:03:29.000	""	""	50	3	8211	0	1	1	1	0.75	17.40			50	3	8211	0	1	1	1	10.00	10.00			PicarroGXXXX	3	2025-08-14 00:03:58.580	0.3326	2.295	1.554	443.265
2025-08-14 00:03:30.000	""	""	50	3	8211	0	1	1	1	0.75	17.40			50	3	8211	0	1	1	1	10.00	10.00			PicarroGXXXX	3	2025-08-14 00:03:58.580	0.3326	2.295	1.554	443.265
2025-08-14 00:03:31.000	""	""	50	3	8211	0	1	1	1	0.75	17.40			50	3	8211	0	1	1	1	10.00	10.00			PicarroGXXXX	3	2025-08-14 00:04:01.440	0.3348	2.295	1.549	443.262
2025-08-14 00:03:32.000	""	""	50	3	8211	0	1	1	1	0.75	17.40			50	3	8211	0	1	1	1	10.00	10.00			PicarroGXXXX	3	2025-08-14 00:04:01.440	0.3348	2.295	1.549	443.262
2025-08-14 00:03:33.000	""	""	50	3	8211	0	1	1	1	0.75	17.40			50	3	8211	0	1	1	1	10.00	10.00			PicarroGXXXX	3	2025-08-14 00:04:01.440	0.3348	2.295	1.549	443.262
2025-08-14 00:03:34.000	""	""	50	3	8211	0	1	1	1	0.75	17.40			50	3	8211	0	1	1	1	10.00	10.00			PicarroGXXXX	3	2025-08-14 00:04:03.880	0.3439	2.295	1.544	443.274
2025-08-14 00:03:35.000	""	""	50	3	8211	0	1	1	1	0.75	17.40			50	3	8211	0	1	1	1	10.00	10.00			PicarroGXXXX	3	2025-08-14 00:04:03.880	0.3439	2.295	1.544	443.274
2025-08-14 00:03:36.000	""	""	50	3	8211	0	1	1	1	0.75	17.40			50	3	8211	0	1	1	1	10.00	10.00			PicarroGXXXX	3	2025-08-14 00:04:06.690	0.3405	2.296	1.551	443.546
2025-08-14 00:03:37.000	""	""	50	3	8211	0	1	1	1	0.75	17.40			50	3	8211	0	1	1	1	10.00	10.00			PicarroGXXXX	3	2025-08-14 00:04:06.690	0.3405	2.296	1.551	443.546
2025-08-14 00:03:38.000	""	""	50	3	8211	0	1	1	1	0.75	17.40			50	3	8211	0	1	1	1	10.00	10.00			PicarroGXXXX	3	2025-08-14 00:04:09.120	0.3294	2.296	1.557	443.833
2025-08-14 00:03:39.000	""	""	50	3	8211	0	1	1	1	0.75	17.40			50	3	8211	0	1	1	1	10.00	10.00			PicarroGXXXX	3	2025-08-14 00:04:09.120	0.3294	2.296	1.557	443.833
2025-08-14 00:03:40.000	""	""	50	3	8211	0	1	1	1	0.75	17.40			50	3	8211	0	1	1	1	10.00	10.00			PicarroGXXXX	3	2025-08-14 00:04:09.650	0.3278	2.296	1.558	443.897
2025-08-14 00:03:41.000	""	""	50	3	8211	0	1	1	1	0.75	17.40			50	3	8211	0	1	1	1	10.00	10.00			PicarroGXXXX	3	2025-08-14 00:04:10.660	0.3248	2.296	1.561	443.878
2025-08-14 00:03:42.000	""	""	50	3	8211	0	1	1	1	0.75	17.40			50	3	8211	0	1	1	1	10.00	10.00			PicarroGXXXX	3	2025-08-14 00:04:11.850	0.3307	2.296	1.564	443.855
2025-08-14 00:03:43.000	""	""	50	3	8211	0	1	1	1	0.75	17.40			50	3	8211	0	1	1	1	10.00	10.00			PicarroGXXXX	3	2025-08-14 00:04:11.850	0.3307	2.296	1.564	443.855
2025-08-14 00:03:44.000	""	""	50	3	8211	0	1	1	1	0.75	17.40			50	3	8211	0	1	1	1	10.00	10.00			PicarroGXXXX	3	2025-08-14 00:04:14.230	0.3437	2.296	1.570	443.809
2025-08-14 00:03:45.000	""	""	50	3	8211	0	1	1	1	0.75	17.40			50	3	8211	0	1	1	1	10.00	10.00			PicarroGXXXX	3	2025-08-14 00:04:14.230	0.3437	2.296	1.570	443.809
2025-08-14 00:03:46.000	""	""	50	3	8211	0	1	1	1	0.75	17.40			50	3	8211	0	1	1	1	10.00	10.00			PicarroGXXXX	3	2025-08-14 00:04:17.060	0.3405	2.295	1.560	443.827
2025-08-14 00:03:47.000	""	""	50	3	8211	0	1	1	1	0.75	17.40			50	3	8211	0	1	1	1	10.00	10.00			PicarroGXXXX	3	2025-08-14 00:04:17.060	0.3405	2.295	1.560	443.827
2025-08-14 00:03:48.000	""	""	50	3	8211	0	1	1	1	0.75	17.40			50	3	8211	0	1	1	1	10.00	10.00			PicarroGXXXX	3	2025-08-14 00:04:17.060	0.3405	2.295	1.560	443.827
2025-08-14 00:03:49.000	""	""	50	3	8211	0	1	1	1	0.75	17.40			50	3	8211	0	1	1	1	10.00	10.00			PicarroGXXXX	3	2025-08-14 00:04:19.520	0.3434	2.295	1.551	443.856
2025-08-14 00:03:50.000	""	""	50	3	8211	0	1	1	1	0.75	17.40			50	3	8211	0	1	1	1	10.00	10.00			PicarroGXXXX	3	2025-08-14 00:04:19.520	0.3434	2.295	1.551	443.856
2025-08-14 00:03:51.000	""	""	50	3	8211	0	1	1	1	0.75	17.40			50	3	8211	0	1	1	1	10.00	10.00			PicarroGXXXX	3	2025-08-14 00:04:19.520	0.3434	2.295	1.551	443.856
2025-08-14 00:03:52.000	""	""	50	3	8211	0	1	1	1	0.75	17.40			50	3	8211	0	1	1	1	10.00	10.00			PicarroGXXXX	3	2025-08-14 00:04:22.240	0.3418	2.295	1.551	443.895
2025-08-14 00:03:53.000	""	""	50	3	8211	0	1	1	1	0.75	17.40			50	3	8211	0	1	1	1	10.00	10.00			PicarroGXXXX	3	2025-08-14 00:04:22.240	0.3418	2.295	1.551	443.895
2025-08-14 00:03:54.000	""	""	50	3	8211	0	1	1	1	0.75	17.40			50	3	8211	0	1	1	1	10.00	10.00			PicarroGXXXX	3	2025-08-14 00:04:24.680	0.3357	2.295	1.552	443.932
2025-08-14 00:03:55.000	""	""	50	3	8211	0	1	1	1	0.75	17.40			50	3	8211	0	1	1	1	10.00	10.00			PicarroGXXXX	3	2025-08-14 00:04:24.680	0.3357	2.295	1.552	443.932
2025-08-14 00:03:56.000	""	""	50	3	8211	0	1	1	1	0.75	17.40			50	3	8211	0	1	1	1	10.00	10.00			PicarroGXXXX	3	2025-08-14 00:04:24.680	0.3357	2.295	1.552	443.932
2025-08-14 00:03:57.000	""	""	50	3	8211	0	1	1	1	0.75	17.40			50	3	8211	0	1	1	1	10.00	10.00			PicarroGXXXX	3	2025-08-14 00:04:27.020	0.3322	2.296	1.559	443.939
2025-08-14 00:03:58.000	""	""	50	3	8211	0	1	1	1	0.75	17.40			50	3	8211	0	1	1	1	10.00	10.00			PicarroGXXXX	3	2025-08-14 00:04:27.450	0.3324	2.296	1.561	443.939
2025-08-14 00:03:59.000	""	""	50	3	8211	0	1	1	1	0.75	17.40			50	3	8211	0	1	1	1	10.00	10.00			PicarroGXXXX	3	2025-08-14 00:04:29.880	0.3322	2.296	1.569	443.937
2025-08-14 00:04:00.000	""	""	50	3	8211	0	1	1	1	0.75	17.40			50	3	8211	0	1	1	1	10.00	10.00			PicarroGXXXX	3	2025-08-14 00:04:29.880	0.3322	2.296	1.569	443.937
2025-08-14 00:04:01.000	""	""	50	3	8211	0	1	1	1	0.75	17.40			50	3	8211	0	1	1	1	10.00	10.00			PicarroGXXXX	3	2025-08-14 00:04:29.880	0.3322	2.296	1.569	443.937
2025-08-14 00:04:02.000	""	""	50	3	8211	0	1	1	1	0.75	17.40			50	3	8211	0	1	1	1	10.00	10.00			PicarroGXXXX	3	2025-08-14 00:04:32.650	0.3366	2.295	1.562	443.915
2025-08-14 00:04:03.000	""	""	50	3	8211	0	1	1	1	0.75	17.40			50	3	8211	0	1	1	1	10.00	10.00			PicarroGXXXX	3	2025-08-14 00:04:32.650	0.3366	2.295	1.562	443.915
2025-08-14 00:04:04.000	""	""	50	3	8211	0	1	1	1	0.75	17.40			50	3	8211	0	1	1	1	10.00	10.00			PicarroGXXXX	3	2025-08-14 00:04:34.500	0.3511	2.295	1.558	443.897
2025-08-14 00:04:05.000	""	""	50	3	8211	0	1	1	1	0.75	17.40			50	3	8211	0	1	1	1	10.00	10.00			PicarroGXXXX	3	2025-08-14 00:04:35.050	0.3485	2.295	1.556	443.892
2025-08-14 00:04:06.000	""	""	50	3	8211	0	1	1	1	0.75	17.40			50	3	8211	0	1	1	1	10.00	10.00			PicarroGXXXX	3	2025-08-14 00:04:35.050	0.3485	2.295	1.556	443.892
2025-08-14 00:04:07.000	""	""	50	3	8211	0	1	1	1	0.75	17.40			50	3	8211	0	1	1	1	10.00	10.00			PicarroGXXXX	3	2025-08-14 00:04:37.880	0.3413	2.296	1.554	443.880
2025-08-14 00:04:08.000	""	""	50	3	8211	0	1	1	1	0.75	17.40			50	3	8211	0	1	1	1	10.00	10.00			PicarroGXXXX	3	2025-08-14 00:04:37.880	0.3413	2.296	1.554	443.880
2025-08-14 00:04:09.000	""	""	50	3	8211	0	1	1	1	0.75	17.40			50	3	8211	0	1	1	1	10.00	10.00			PicarroGXXXX	3	2025-08-14 00:04:37.880	0.3413	2.296	1.554	443.880
2025-08-14 00:04:10.000	""	""	50	3	8211	0	1	1	1	0.75	17.40			50	3	8211	0	1	1	1	10.00	10.00			PicarroGXXXX	3	2025-08-14 00:04:40.320	0.3381	2.296	1.551	443.873
2025-08-14 00:04:11.000	""	""	50	3	8211	0	1	1	1	0.75	17.40			50	3	8211	0	1	1	1	10.00	10.00			PicarroGXXXX	3	2025-08-14 00:04:40.320	0.3381	2.296	1.551	443.873
2025-08-14 00:04:12.000	""	""	50	3	8211	0	1	1	1	0.75	17.40			50	3	8211	0	1	1	1	10.00	10.00			PicarroGXXXX	3	2025-08-14 00:04:40.870	0.3345	2.296	1.552	443.872
2025-08-14 00:04:13.000	""	""	50	3	8211	0	1	1	1	0.75	17.40			50	3	8211	0	1	1	1	10.00	10.00			PicarroGXXXX	3	2025-08-14 00:04:43.060	0.3294	2.296	1.552	443.906
2025-08-14 00:04:14.000	""	""	50	3	8211	0	1	1	1	0.75	17.40			50	3	8211	0	1	1	1	10.00	10.00			PicarroGXXXX	3	2025-08-14 00:04:43.060	0.3294	2.296	1.552	443.906
2025-08-14 00:04:15.000	""	""	50	3	8211	0	1	1	1	0.75	17.40			50	3	8211	0	1	1	1	10.00	10.00			PicarroGXXXX	3	2025-08-14 00:04:45.420	0.3331	2.296	1.553	443.944
2025-08-14 00:04:16.000	""	""	50	3	8211	0	1	1	1	0.75	17.40			50	3	8211	0	1	1	1	10.00	10.00			PicarroGXXXX	3	2025-08-14 00:04:45.420	0.3331	2.296	1.553	443.944
2025-08-14 00:04:17.000	""	""	50	3	8211	0	1	1	1	0.75	17.40			50	3	8211	0	1	1	1	10.00	10.00			PicarroGXXXX	3	2025-08-14 00:04:46.980	0.3334	2.296	1.552	443.945
2025-08-14 00:04:18.000	""	""	50	3	8211	0	1	1	1	0.75	17.40			50	3	8211	0	1	1	1	10.00	10.00			PicarroGXXXX	3	2025-08-14 00:04:48.280	0.3354	2.296	1.551	443.934
2025-08-14 00:04:19.000	""	""	50	3	8211	0	1	1	1	0.75	17.40			50	3	8211	0	1	1	1	10.00	10.00			PicarroGXXXX	3	2025-08-14 00:04:48.280	0.3354	2.296	1.551	443.934
2025-08-14 00:04:20.000	""	""	50	3	8211	0	1	1	1	0.75	17.40			50	3	8211	0	1	1	1	10.00	10.00			PicarroGXXXX	3	2025-08-14 00:04:50.750	0.3414	2.296	1.550	443.914
2025-08-14 00:04:21.000	""	""	50	3	8211	0	1	1	1	0.75	17.40			50	3	8211	0	1	1	1	10.00	10.00			PicarroGXXXX	3	2025-08-14 00:04:50.750	0.3414	2.296	1.550	443.914
2025-08-14 00:04:22.000	""	""	50	3	8211	0	1	1	1	0.75	17.40			50	3	8211	0	1	1	1	10.00	10.00			PicarroGXXXX	3	2025-08-14 00:04:51.300	0.3430	2.296	1.549	443.909
2025-08-14 00:04:23.000	""	""	50	3	8211	0	1	1	1	0.75	17.40			50	3	8211	0	1	1	1	10.00	10.00			PicarroGXXXX	3	2025-08-14 00:04:53.530	0.3442	2.297	1.548	443.885
2025-08-14 00:04:24.000	""	""	50	3	8211	0	1	1	1	0.75	17.40			50	3	8211	0	1	1	1	10.00	10.00			PicarroGXXXX	3	2025-08-14 00:04:53.530	0.3442	2.297	1.548	443.885
2025-08-14 00:04:25.000	""	""	50	3	8211	0	1	1	1	0.75	17.40			50	3	8211	0	1	1	1	10.00	10.00			PicarroGXXXX	3	2025-08-14 00:04:55.940	0.3392	2.297	1.547	443.859
2025-08-14 00:04:26.000	""	""	50	3	8211	0	1	1	1	0.75	17.40			50	3	8211	0	1	1	1	10.00	10.00			PicarroGXXXX	3	2025-08-14 00:04:55.940	0.3392	2.297	1.547	443.859
2025-08-14 00:04:27.000	""	""	50	3	8211	0	1	1	1	0.75	17.40			50	3	8211	0	1	1	1	10.00	10.00			PicarroGXXXX	3	2025-08-14 00:04:55.940	0.3392	2.297	1.547	443.859
2025-08-14 00:04:28.000	""	""	50	3	8211	0	1	1	1	0.75	17.40			50	3	8211	0	1	1	1	10.00	10.00			PicarroGXXXX	3	2025-08-14 00:04:57.490	0.3362	2.297	1.546	443.868
2025-08-14 00:04:29.000	""	""	50	3	8211	0	1	1	1	0.75	17.40			50	3	8211	0	1	1	1	10.00	10.00			PicarroGXXXX	3	2025-08-14 00:04:58.770	0.3348	2.297	1.546	443.887
2025-08-14 00:04:30.000	""	""	50	3	8211	0	1	1	1	0.75	17.40			50	3	8211	0	1	1	1	10.00	10.00			PicarroGXXXX	3	2025-08-14 00:04:59.920	0.3317	2.297	1.546	443.905
2025-08-14 00:04:31.000	""	""	50	3	8211	0	1	1	1	0.75	17.40			50	3	8211	0	1	1	1	10.00	10.00			PicarroGXXXX	3	2025-08-14 00:05:01.240	0.3340	2.297	1.545	443.925
2025-08-14 00:04:32.000	""	""	50	3	8211	0	1	1	1	0.75	17.40			50	3	8211	0	1	1	1	10.00	10.00			PicarroGXXXX	3	2025-08-14 00:05:01.240	0.3340	2.297	1.545	443.925
2025-08-14 00:04:33.000	""	""	50	3	8211	0	1	1	1	0.75	17.40			50	3	8211	0	1	1	1	10.00	10.00			PicarroGXXXX	3	2025-08-14 00:05:04.070	0.3360	2.297	1.545	444.050
2025-08-14 00:04:34.000	""	""	50	3	8211	0	1	1	1	0.75	17.40			50	3	8211	0	1	1	1	10.00	10.00			PicarroGXXXX	3	2025-08-14 00:05:04.070	0.3360	2.297	1.545	444.050
2025-08-14 00:04:35.000	""	""	50	3	8211	0	1	1	1	0.75	17.40			50	3	8211	0	1	1	1	10.00	10.00			PicarroGXXXX	3	2025-08-14 00:05:04.070	0.3360	2.297	1.545	444.050
2025-08-14 00:04:36.000	""	""	50	3	8211	0	1	1	1	0.75	17.40			50	3	8211	0	1	1	1	10.00	10.00			PicarroGXXXX	3	2025-08-14 00:05:06.500	0.3306	2.297	1.546	444.175
2025-08-14 00:04:37.000	""	""	50	3	8211	0	1	1	1	0.75	17.40			50	3	8211	0	1	1	1	10.00	10.00			PicarroGXXXX	3	2025-08-14 00:05:06.500	0.3306	2.297	1.546	444.175
2025-08-14 00:04:38.000	""	""	50	3	8211	0	1	1	1	0.75	17.40			50	3	8211	0	1	1	1	10.00	10.00			PicarroGXXXX	3	2025-08-14 00:05:09.330	0.3389	2.297	1.548	443.931
2025-08-14 00:04:39.000	""	""	50	3	8211	0	1	1	1	0.75	17.40			50	3	8211	0	1	1	1	10.00	10.00			PicarroGXXXX	3	2025-08-14 00:05:09.330	0.3389	2.297	1.548	443.931
2025-08-14 00:04:40.000	""	""	50	3	8211	0	1	1	1	0.75	17.40			50	3	8211	0	1	1	1	10.00	10.00			PicarroGXXXX	3	2025-08-14 00:05:09.330	0.3389	2.297	1.548	443.931
2025-08-14 00:04:41.000	""	""	50	3	8211	0	1	1	1	0.75	17.40			50	3	8211	0	1	1	1	10.00	10.00			PicarroGXXXX	3	2025-08-14 00:05:11.730	0.3343	2.297	1.550	443.645
2025-08-14 00:04:42.000	""	""	50	3	8211	0	1	1	1	0.75	17.40			50	3	8211	0	1	1	1	10.00	10.00			PicarroGXXXX	3	2025-08-14 00:05:11.730	0.3343	2.297	1.550	443.645
2025-08-14 00:04:43.000	""	""	50	3	8211	0	1	1	1	0.75	17.40			50	3	8211	0	1	1	1	10.00	10.00			PicarroGXXXX	3	2025-08-14 00:05:11.730	0.3343	2.297	1.550	443.645
2025-08-14 00:04:44.000	""	""	50	3	8211	0	1	1	1	0.75	17.40			50	3	8211	0	1	1	1	10.00	10.00			PicarroGXXXX	3	2025-08-14 00:05:14.510	0.3457	2.297	1.550	443.594
2025-08-14 00:04:45.000	""	""	50	3	8211	0	1	1	1	0.75	17.40			50	3	8211	0	1	1	1	10.00	10.00			PicarroGXXXX	3	2025-08-14 00:05:14.510	0.3457	2.297	1.550	443.594
2025-08-14 00:04:46.000	""	""	50	3	8211	0	1	1	1	0.75	17.40			50	3	8211	0	1	1	1	10.00	10.00			PicarroGXXXX	3	2025-08-14 00:05:14.510	0.3457	2.297	1.550	443.594
2025-08-14 00:04:47.000	""	""	50	3	8211	0	1	1	1	0.75	17.40			50	3	8211	0	1	1	1	10.00	10.00			PicarroGXXXX	3	2025-08-14 00:05:16.950	0.3342	2.298	1.550	443.611
2025-08-14 00:04:48.000	""	""	50	3	8211	0	1	1	1	0.75	17.40			50	3	8211	0	1	1	1	10.00	10.00			PicarroGXXXX	3	2025-08-14 00:05:16.950	0.3342	2.298	1.550	443.611
2025-08-14 00:04:49.000	""	""	50	3	8211	0	1	1	1	0.75	17.40			50	3	8211	0	1	1	1	10.00	10.00			PicarroGXXXX	3	2025-08-14 00:05:19.660	0.3408	2.298	1.545	443.499
2025-08-14 00:04:50.000	""	""	50	3	8211	0	1	1	1	0.75	17.40			50	3	8211	0	1	1	1	10.00	10.00			PicarroGXXXX	3	2025-08-14 00:05:19.660	0.3408	2.298	1.545	443.499
2025-08-14 00:04:51.000	""	""	50	3	8211	0	1	1	1	0.75	17.40			50	3	8211	0	1	1	1	10.00	10.00			PicarroGXXXX	3	2025-08-14 00:05:19.660	0.3408	2.298	1.545	443.499
2025-08-14 00:04:52.000	""	""	50	3	8211	0	1	1	1	0.75	17.40			50	3	8211	0	1	1	1	10.00	10.00			PicarroGXXXX	3	2025-08-14 00:05:22.000	0.3361	2.298	1.540	443.375
2025-08-14 00:04:53.000	""	""	50	3	8211	0	1	1	1	0.75	17.40			50	3	8211	0	1	1	1	10.00	10.00			PicarroGXXXX	3	2025-08-14 00:05:22.000	0.3361	2.298	1.540	443.375
2025-08-14 00:04:54.000	""	""	50	3	8211	0	1	1	1	0.75	17.40			50	3	8211	0	1	1	1	10.00	10.00			PicarroGXXXX	3	2025-08-14 00:05:24.880	0.3437	2.298	1.547	443.590
2025-08-14 00:04:55.000	""	""	50	3	8211	0	1	1	1	0.75	17.40			50	3	8211	0	1	1	1	10.00	10.00			PicarroGXXXX	3	2025-08-14 00:05:24.880	0.3437	2.298	1.547	443.590
2025-08-14 00:04:56.000	""	""	50	3	8211	0	1	1	1	0.75	17.40			50	3	8211	0	1	1	1	10.00	10.00			PicarroGXXXX	3	2025-08-14 00:05:24.880	0.3437	2.298	1.547	443.590
2025-08-14 00:04:57.000	""	""	50	3	8211	0	1	1	1	0.75	17.40			50	3	8211	0	1	1	1	10.00	10.00			PicarroGXXXX	3	2025-08-14 00:05:27.360	0.3397	2.298	1.554	443.848
2025-08-14 00:04:58.000	""	""	50	3	8211	0	1	1	1	0.75	17.40			50	3	8211	0	1	1	1	10.00	10.00			PicarroGXXXX	3	2025-08-14 00:05:27.360	0.3397	2.298	1.554	443.848
2025-08-14 00:04:59.000	""	""	50	3	8211	0	1	1	1	0.75	17.40			50	3	8211	0	1	1	1	10.00	10.00			PicarroGXXXX	3	2025-08-14 00:05:27.910	0.3396	2.298	1.553	443.905
2025-08-14 00:05:00.000	""	""	50	3	8211	0	1	1	1	0.75	17.40			50	3	8211	0	1	1	1	10.00	10.00			PicarroGXXXX	3	2025-08-14 00:05:30.220	0.3391	2.298	1.551	443.859
2025-08-14 00:05:01.000	""	""	50	3	8211	0	1	1	1	0.75	17.40			50	3	8211	0	1	1	1	10.00	10.00			PicarroGXXXX	3	2025-08-14 00:05:30.220	0.3391	2.298	1.551	443.859
2025-08-14 00:05:02.000	""	""	50	3	8211	0	1	1	1	0.75	17.40			50	3	8211	0	1	1	1	10.00	10.00			PicarroGXXXX	3	2025-08-14 00:05:30.220	0.3391	2.298	1.551	443.859
2025-08-14 00:05:03.000	""	""	50	3	8211	0	1	1	1	0.75	17.40			50	3	8211	0	1	1	1	10.00	10.00			PicarroGXXXX	3	2025-08-14 00:05:32.620	0.3403	2.298	1.549	443.812
2025-08-14 00:05:04.000	""	""	50	3	8211	0	1	1	1	0.75	17.40			50	3	8211	0	1	1	1	10.00	10.00			PicarroGXXXX	3	2025-08-14 00:05:32.620	0.3403	2.298	1.549	443.812
2025-08-14 00:05:05.000	""	""	50	3	8211	0	1	1	1	0.75	17.40			50	3	8211	0	1	1	1	10.00	10.00			PicarroGXXXX	3	2025-08-14 00:05:35.460	0.3383	2.299	1.548	443.923
2025-08-14 00:05:06.000	""	""	50	3	8211	0	1	1	1	0.75	17.40			50	3	8211	0	1	1	1	10.00	10.00			PicarroGXXXX	3	2025-08-14 00:05:35.460	0.3383	2.299	1.548	443.923
2025-08-14 00:05:07.000	""	""	50	3	8211	0	1	1	1	0.75	17.40			50	3	8211	0	1	1	1	10.00	10.00			PicarroGXXXX	3	2025-08-14 00:05:37.910	0.3277	2.298	1.547	444.053
2025-08-14 00:05:08.000	""	""	50	3	8211	0	1	1	1	0.75	17.40			50	3	8211	0	1	1	1	10.00	10.00			PicarroGXXXX	3	2025-08-14 00:05:37.910	0.3277	2.298	1.547	444.053
2025-08-14 00:05:09.000	""	""	50	3	8211	0	1	1	1	0.75	17.40			50	3	8211	0	1	1	1	10.00	10.00			PicarroGXXXX	3	2025-08-14 00:05:37.910	0.3277	2.298	1.547	444.053
2025-08-14 00:05:10.000	""	""	50	3	8211	0	1	1	1	0.75	17.40			50	3	8211	0	1	1	1	10.00	10.00			PicarroGXXXX	3	2025-08-14 00:05:40.710	0.3434	2.298	1.557	444.177
2025-08-14 00:05:11.000	""	""	50	3	8211	0	1	1	1	0.75	17.40			50	3	8211	0	1	1	1	10.00	10.00			PicarroGXXXX	3	2025-08-14 00:05:40.710	0.3434	2.298	1.557	444.177
2025-08-14 00:05:12.000	""	""	50	3	8211	0	1	1	1	0.75	17.40			50	3	8211	0	1	1	1	10.00	10.00			PicarroGXXXX	3	2025-08-14 00:05:43.160	0.3417	2.298	1.567	444.281
2025-08-14 00:05:13.000	""	""	50	3	8211	0	1	1	1	0.75	17.40			50	3	8211	0	1	1	1	10.00	10.00			PicarroGXXXX	3	2025-08-14 00:05:43.160	0.3417	2.298	1.567	444.281
2025-08-14 00:05:14.000	""	""	50	3	8211	0	1	1	1	0.75	17.40			50	3	8211	0	1	1	1	10.00	10.00			PicarroGXXXX	3	2025-08-14 00:05:43.160	0.3417	2.298	1.567	444.281
2025-08-14 00:05:15.000	""	""	50	3	8211	0	1	1	1	0.75	17.40			50	3	8211	0	1	1	1	10.00	10.00			PicarroGXXXX	3	2025-08-14 00:05:43.160	0.3417	2.298	1.567	444.281
2025-08-14 00:05:16.000	""	""	50	3	8211	0	1	1	1	0.75	17.40			50	3	8211	0	1	1	1	10.00	10.00			PicarroGXXXX	3	2025-08-14 00:05:45.980	0.3432	2.298	1.558	444.062
2025-08-14 00:05:17.000	""	""	50	3	8211	0	1	1	1	0.75	17.40			50	3	8211	0	1	1	1	10.00	10.00			PicarroGXXXX	3	2025-08-14 00:05:45.980	0.3432	2.298	1.558	444.062
2025-08-14 00:05:18.000	""	""	50	3	8211	0	1	1	1	0.75	17.40			50	3	8211	0	1	1	1	10.00	10.00			PicarroGXXXX	3	2025-08-14 00:05:48.450	0.3383	2.298	1.551	443.798
2025-08-14 00:05:19.000	""	""	50	3	8211	0	1	1	1	0.75	17.40			50	3	8211	0	1	1	1	10.00	10.00			PicarroGXXXX	3	2025-08-14 00:05:48.450	0.3383	2.298	1.551	443.798
2025-08-14 00:05:20.000	""	""	50	3	8211	0	1	1	1	0.75	17.40			50	3	8211	0	1	1	1	10.00	10.00			PicarroGXXXX	3	2025-08-14 00:05:48.450	0.3383	2.298	1.551	443.798
2025-08-14 00:05:21.000	""	""	50	3	8211	0	1	1	1	0.75	17.40			50	3	8211	0	1	1	1	10.00	10.00			PicarroGXXXX	3	2025-08-14 00:05:51.260	0.3396	2.298	1.550	443.661
2025-08-14 00:05:22.000	""	""	50	3	8211	0	1	1	1	0.75	17.40			50	3	8211	0	1	1	1	10.00	10.00			PicarroGXXXX	3	2025-08-14 00:05:51.260	0.3396	2.298	1.550	443.661
2025-08-14 00:05:23.000	""	""	50	3	8211	0	1	1	1	0.75	17.40			50	3	8211	0	1	1	1	10.00	10.00			PicarroGXXXX	3	2025-08-14 00:05:53.680	0.3454	2.298	1.549	443.577
2025-08-14 00:05:24.000	""	""	50	3	8211	0	1	1	1	0.75	17.40			50	3	8211	0	1	1	1	10.00	10.00			PicarroGXXXX	3	2025-08-14 00:05:53.680	0.3454	2.298	1.549	443.577
2025-08-14 00:05:25.000	""	""	50	3	8211	0	1	1	1	0.75	17.40			50	3	8211	0	1	1	1	10.00	10.00			PicarroGXXXX	3	2025-08-14 00:05:53.680	0.3454	2.298	1.549	443.577
2025-08-14 00:05:26.000	""	""	50	3	8211	0	1	1	1	0.75	17.40			50	3	8211	0	1	1	1	10.00	10.00			PicarroGXXXX	3	2025-08-14 00:05:56.510	0.3521	2.298	1.548	443.577
2025-08-14 00:05:27.000	""	""	50	3	8211	0	1	1	1	0.75	17.40			50	3	8211	0	1	1	1	10.00	10.00			PicarroGXXXX	3	2025-08-14 00:05:56.510	0.3521	2.298	1.548	443.577
2025-08-14 00:05:28.000	""	""	50	3	8211	0	1	1	1	0.75	17.40			50	3	8211	0	1	1	1	10.00	10.00			PicarroGXXXX	3	2025-08-14 00:05:58.920	0.3422	2.298	1.547	443.598
2025-08-14 00:05:29.000	""	""	50	3	8211	0	1	1	1	0.75	17.40			50	3	8211	0	1	1	1	10.00	10.00			PicarroGXXXX	3	2025-08-14 00:05:58.920	0.3422	2.298	1.547	443.598
2025-08-14 00:05:30.000	""	""	50	3	8211	0	1	1	1	0.75	17.40			50	3	8211	0	1	1	1	10.00	10.00			PicarroGXXXX	3	2025-08-14 00:05:58.920	0.3422	2.298	1.547	443.598
2025-08-14 00:05:31.000	""	""	50	3	8211	0	1	1	1	0.75	17.40			50	3	8211	0	1	1	1	10.00	10.00			PicarroGXXXX	3	2025-08-14 00:05:59.460	0.3425	2.298	1.548	443.602
2025-08-14 00:05:32.000	""	""	50	3	8211	0	1	1	1	0.75	17.40			50	3	8211	0	1	1	1	10.00	10.00			PicarroGXXXX	3	2025-08-14 00:06:01.720	0.3398	2.299	1.552	443.778
2025-08-14 00:05:33.000	""	""	50	3	8211	0	1	1	1	0.75	17.40			50	3	8211	0	1	1	1	10.00	10.00			PicarroGXXXX	3	2025-08-14 00:06:03.630	0.3323	2.299	1.555	443.926
2025-08-14 00:05:34.000	""	""	50	3	8211	0	1	1	1	0.75	17.40			50	3	8211	0	1	1	1	10.00	10.00			PicarroGXXXX	3	2025-08-14 00:06:04.180	0.3357	2.299	1.556	443.969
2025-08-14 00:05:35.000	""	""	50	3	8211	0	1	1	1	0.75	17.40			50	3	8211	0	1	1	1	10.00	10.00			PicarroGXXXX	3	2025-08-14 00:06:04.180	0.3357	2.299	1.556	443.969
2025-08-14 00:05:36.000	""	""	50	3	8211	0	1	1	1	0.75	17.40			50	3	8211	0	1	1	1	10.00	10.00			PicarroGXXXX	3	2025-08-14 00:06:04.730	0.3391	2.298	1.556	444.011
2025-08-14 00:05:37.000	""	""	50	3	8211	0	1	1	1	0.75	17.40			50	3	8211	0	1	1	1	10.00	10.00			PicarroGXXXX	3	2025-08-14 00:06:07.030	0.3411	2.298	1.553	443.891
2025-08-14 00:05:38.000	""	""	50	3	8211	0	1	1	1	0.75	17.40			50	3	8211	0	1	1	1	10.00	10.00			PicarroGXXXX	3	2025-08-14 00:06:07.030	0.3411	2.298	1.553	443.891
2025-08-14 00:05:39.000	""	""	50	3	8211	0	1	1	1	0.75	17.40			50	3	8211	0	1	1	1	10.00	10.00			PicarroGXXXX	3	2025-08-14 00:06:09.420	0.3295	2.298	1.551	443.766
2025-08-14 00:05:40.000	""	""	50	3	8211	0	1	1	1	0.75	17.40			50	3	8211	0	1	1	1	10.00	10.00			PicarroGXXXX	3	2025-08-14 00:06:09.420	0.3295	2.298	1.551	443.766
2025-08-14 00:05:41.000	""	""	50	3	8211	0	1	1	1	0.75	17.40			50	3	8211	0	1	1	1	10.00	10.00			PicarroGXXXX	3	2025-08-14 00:06:12.250	0.3321	2.299	1.556	443.808
2025-08-14 00:05:42.000	""	""	50	3	8211	0	1	1	1	0.75	17.40			50	3	8211	0	1	1	1	10.00	10.00			PicarroGXXXX	3	2025-08-14 00:06:12.250	0.3321	2.299	1.556	443.808
2025-08-14 00:05:43.000	""	""	50	3	8211	0	1	1	1	0.75	17.40			50	3	8211	0	1	1	1	10.00	10.00			PicarroGXXXX	3	2025-08-14 00:06:12.250	0.3321	2.299	1.556	443.808
2025-08-14 00:05:44.000	""	""	50	3	8211	0	1	1	1	0.75	17.40			50	3	8211	0	1	1	1	10.00	10.00			PicarroGXXXX	3	2025-08-14 00:06:14.710	0.3453	2.299	1.561	443.884
2025-08-14 00:05:45.000	""	""	50	3	8211	0	1	1	1	0.75	17.40			50	3	8211	0	1	1	1	10.00	10.00			PicarroGXXXX	3	2025-08-14 00:06:14.710	0.3453	2.299	1.561	443.884
2025-08-14 00:05:46.000	""	""	50	3	8211	0	1	1	1	0.75	17.40			50	3	8211	0	1	1	1	10.00	10.00			PicarroGXXXX	3	2025-08-14 00:06:15.270	0.3414	2.299	1.561	443.901
2025-08-14 00:05:47.000	""	""	50	3	8211	0	1	1	1	0.75	17.40			50	3	8211	0	1	1	1	10.00	10.00			PicarroGXXXX	3	2025-08-14 00:06:16.270	0.3345	2.298	1.562	443.914
2025-08-14 00:05:48.000	""	""	50	3	8211	0	1	1	1	0.75	17.40			50	3	8211	0	1	1	1	10.00	10.00			PicarroGXXXX	3	2025-08-14 00:06:17.520	0.3414	2.298	1.563	443.930
2025-08-14 00:05:49.000	""	""	50	3	8211	0	1	1	1	0.75	17.40			50	3	8211	0	1	1	1	10.00	10.00			PicarroGXXXX	3	2025-08-14 00:06:18.660	0.3584	2.298	1.563	443.945
2025-08-14 00:05:50.000	""	""	50	3	8211	0	1	1	1	0.75	17.40			50	3	8211	0	1	1	1	10.00	10.00			PicarroGXXXX	3	2025-08-14 00:06:19.980	0.3550	2.298	1.564	443.962
2025-08-14 00:05:51.000	""	""	50	3	8211	0	1	1	1	0.75	17.40			50	3	8211	0	1	1	1	10.00	10.00			PicarroGXXXX	3	2025-08-14 00:06:19.980	0.3550	2.298	1.564	443.962
2025-08-14 00:05:52.000	""	""	50	3	8211	0	1	1	1	0.75	17.40			50	3	8211	0	1	1	1	10.00	10.00			PicarroGXXXX	3	2025-08-14 00:06:22.830	0.3421	2.298	1.557	443.950
2025-08-14 00:05:53.000	""	""	50	3	8211	0	1	1	1	0.75	17.40			50	3	8211	0	1	1	1	10.00	10.00			PicarroGXXXX	3	2025-08-14 00:06:22.830	0.3421	2.298	1.557	443.950
2025-08-14 00:05:54.000	""	""	50	3	8211	0	1	1	1	0.75	17.40			50	3	8211	0	1	1	1	10.00	10.00			PicarroGXXXX	3	2025-08-14 00:06:23.910	0.3349	2.298	1.554	443.941
2025-08-14 00:05:55.000	""	""	50	3	8211	0	1	1	1	0.75	17.40			50	3	8211	0	1	1	1	10.00	10.00			PicarroGXXXX	3	2025-08-14 00:06:25.220	0.3391	2.298	1.551	443.930
2025-08-14 00:05:56.000	""	""	50	3	8211	0	1	1	1	0.75	17.40			50	3	8211	0	1	1	1	10.00	10.00			PicarroGXXXX	3	2025-08-14 00:06:25.220	0.3391	2.298	1.551	443.930
2025-08-14 00:05:57.000	""	""	50	3	8211	0	1	1	1	0.75	17.40			50	3	8211	0	1	1	1	10.00	10.00			PicarroGXXXX	3	2025-08-14 00:06:28.080	0.3509	2.298	1.549	443.844
2025-08-14 00:05:58.000	""	""	50	3	8211	0	1	1	1	0.75	17.40			50	3	8211	0	1	1	1	10.00	10.00			PicarroGXXXX	3	2025-08-14 00:06:28.080	0.3509	2.298	1.549	443.844
2025-08-14 00:05:59.000	""	""	50	3	8211	0	1	1	1	0.75	17.40			50	3	8211	0	1	1	1	10.00	10.00			PicarroGXXXX	3	2025-08-14 00:06:29.200	0.3497	2.298	1.548	443.805
2025-08-14 00:06:00.000	""	""	50	3	8211	0	1	1	1	0.75	17.40			50	3	8211	0	1	1	1	10.00	10.00			PicarroGXXXX	3	2025-08-14 00:06:30.520	0.3500	2.298	1.547	443.759
2025-08-14 00:06:01.000	""	""	50	3	8211	0	1	1	1	0.75	17.40			50	3	8211	0	1	1	1	10.00	10.00			PicarroGXXXX	3	2025-08-14 00:06:30.520	0.3500	2.298	1.547	443.759
2025-08-14 00:06:02.000	""	""	50	3	8211	0	1	1	1	0.75	17.40			50	3	8211	0	1	1	1	10.00	10.00			PicarroGXXXX	3	2025-08-14 00:06:31.070	0.3504	2.298	1.547	443.739
2025-08-14 00:06:03.000	""	""	50	3	8211	0	1	1	1	0.75	17.40			50	3	8211	0	1	1	1	10.00	10.00			PicarroGXXXX	3	2025-08-14 00:06:33.360	0.3521	2.297	1.548	443.849
2025-08-14 00:06:04.000	""	""	50	3	8211	0	1	1	1	0.75	17.40			50	3	8211	0	1	1	1	10.00	10.00			PicarroGXXXX	3	2025-08-14 00:06:33.360	0.3521	2.297	1.548	443.849
2025-08-14 00:06:05.000	""	""	50	3	8211	0	1	1	1	0.75	17.40			50	3	8211	0	1	1	1	10.00	10.00			PicarroGXXXX	3	2025-08-14 00:06:35.820	0.3481	2.297	1.549	443.966
2025-08-14 00:06:06.000	""	""	50	3	8211	0	1	1	1	0.75	17.40			50	3	8211	0	1	1	1	10.00	10.00			PicarroGXXXX	3	2025-08-14 00:06:35.820	0.3481	2.297	1.549	443.966
2025-08-14 00:06:07.000	""	""	50	3	8211	0	1	1	1	0.75	17.40			50	3	8211	0	1	1	1	10.00	10.00			PicarroGXXXX	3	2025-08-14 00:06:35.820	0.3481	2.297	1.549	443.966
2025-08-14 00:06:08.000	""	""	50	3	8211	0	1	1	1	0.75	17.40			50	3	8211	0	1	1	1	10.00	10.00			PicarroGXXXX	3	2025-08-14 00:06:38.570	0.3351	2.297	1.550	443.941
2025-08-14 00:06:09.000	""	""	50	3	8211	0	1	1	1	0.75	17.40			50	3	8211	0	1	1	1	10.00	10.00			PicarroGXXXX	3	2025-08-14 00:06:38.570	0.3351	2.297	1.550	443.941
2025-08-14 00:06:10.000	""	""	50	3	8211	0	1	1	1	0.75	17.40			50	3	8211	0	1	1	1	10.00	10.00			PicarroGXXXX	3	2025-08-14 00:06:40.930	0.3460	2.297	1.551	443.886
2025-08-14 00:06:11.000	""	""	50	3	8211	0	1	1	1	0.75	0.00			50	3	8211	0	1	1	1	10.00	10.00			PicarroGXXXX	3	2025-08-14 00:06:40.930	0.3460	2.297	1.551	443.886
2025-08-14 00:06:12.000	""	""	50	3	8211	0	1	1	1	0.75	0.00			50	3	8211	0	1	1	1	10.00	10.00			PicarroGXXXX	3	2025-08-14 00:06:40.930	0.3460	2.297	1.551	443.886
2025-08-14 00:06:13.000	""	""	50	3	8211	0	1	1	1	0.75	0.00			50	3	8211	0	1	1	1	10.00	10.00			PicarroGXXXX	3	2025-08-14 00:06:43.770	0.3429	2.298	1.551	443.903
2025-08-14 00:06:14.000	""	""	50	3	8211	0	1	1	1	0.75	0.00			50	3	8211	0	1	1	1	10.00	10.00			PicarroGXXXX	3	2025-08-14 00:06:43.770	0.3429	2.298	1.551	443.903
2025-08-14 00:06:15.000	""	""	50	3	8211	0	1	1	1	0.75	0.00			50	3	8211	0	1	1	1	10.00	10.00			PicarroGXXXX	3	2025-08-14 00:06:43.770	0.3429	2.298	1.551	443.903
2025-08-14 00:06:16.000	""	""	50	3	8211	0	1	1	1	0.75	0.00			50	3	8211	0	1	1	1	10.00	10.00			PicarroGXXXX	3	2025-08-14 00:06:46.220	0.3482	2.298	1.550	443.935
2025-08-14 00:06:17.000	""	""	50	3	8211	0	1	1	1	0.75	0.00			50	3	8211	0	1	1	1	10.00	10.00			PicarroGXXXX	3	2025-08-14 00:06:46.220	0.3482	2.298	1.550	443.935
2025-08-14 00:06:18.000	""	""	50	3	8211	0	1	1	1	0.75	0.00			50	3	8211	0	1	1	1	10.00	10.00			PicarroGXXXX	3	2025-08-14 00:06:46.760	0.3482	2.298	1.552	443.942
2025-08-14 00:06:19.000	""	""	50	3	8211	0	1	1	1	0.75	0.00			50	3	8211	0	1	1	1	10.00	10.00			PicarroGXXXX	3	2025-08-14 00:06:49.060	0.3461	2.298	1.557	443.906
2025-08-14 00:06:20.000	""	""	50	3	8211	0	1	1	1	0.75	0.00			50	3	8211	0	1	1	1	10.00	10.00			PicarroGXXXX	3	2025-08-14 00:06:49.060	0.3461	2.298	1.557	443.906